Renishaw 1,Renishaw 2,Renishaw Adjusted,Zettlex,Netzer
8625000000.0,8625000000.0,8625000000.0,8625000000.0,8625000000.0,8625000000.0,8625000000.0,8625000000.0,8625000000.0,8625000000.0,8625000000.0,8625000000.0,8625000000.0,8640000000.0,8640000000.0,8640000000.0,8640000000.0,8640000000.0,8640000000.0,8640000000.0,8640000000.0,8640000000.0,8640000000.0,8656000000.0,8656000000.0,8656000000.0,8656000000.0,8656000000.0,8656000000.0,8656000000.0,8656000000.0,8656000000.0,8656000000.0,8656000000.0,8656000000.0,8672000000.0,8672000000.0,8672000000.0,8672000000.0,8672000000.0,8672000000.0,8672000000.0,8672000000.0,8672000000.0,8672000000.0,8672000000.0,8672000000.0,8687000000.0,8687000000.0,8687000000.0,8687000000.0,8687000000.0,8687000000.0,8687000000.0,8687000000.0,8687000000.0,8687000000.0,8703000000.0,8703000000.0,8703000000.0,8703000000.0,8703000000.0,8703000000.0,8703000000.0,8703000000.0,8703000000.0,8703000000.0,8719000000.0,8719000000.0,8812000000.0,8922000000.0,9031000000.0,9140000000.0,9250000000.0,9359000000.0,9453000000.0,9562000000.0,9672000000.0,9781000000.0,9875000000.0,9984000000.0,10094000000.0,10203000000.0,10312000000.0,10406000000.0,10531000000.0,10640000000.0,10734000000.0,10844000000.0,10953000000.0,11047000000.0,11156000000.0,11265000000.0,11375000000.0,11484000000.0,11578000000.0,11687000000.0,11797000000.0,11906000000.0,12015000000.0,12125000000.0,12234000000.0,12328000000.0,12437000000.0,12531000000.0,12656000000.0,12765000000.0,12859000000.0,12969000000.0,13078000000.0,13172000000.0,13297000000.0,13390000000.0,13500000000.0,13609000000.0,13703000000.0,13812000000.0,13937000000.0,14047000000.0,14140000000.0,14250000000.0,14344000000.0,14453000000.0,14578000000.0,14672000000.0,14781000000.0,14890000000.0,14984000000.0,15094000000.0,15219000000.0,15312000000.0,15422000000.0,15531000000.0,15625000000.0,15734000000.0,15844000000.0,15953000000.0,16062000000.0,16172000000.0,16265000000.0,16375000000.0,16484000000.0,16594000000.0,16703000000.0,16812000000.0,16906000000.0,17015000000.0,17125000000.0,17234000000.0,17344000000.0,17453000000.0,17547000000.0,17656000000.0,17765000000.0,17875000000.0,17984000000.0,18094000000.0,18187000000.0,18297000000.0,18406000000.0,18515000000.0,18609000000.0,18719000000.0,18828000000.0,18937000000.0,19047000000.0,19156000000.0,19265000000.0,19359000000.0,19469000000.0,19578000000.0,19687000000.0,19781000000.0,19890000000.0,20000000000.0,20109000000.0,20203000000.0,20312000000.0,20437000000.0,20531000000.0,20640000000.0,20750000000.0,20844000000.0,20953000000.0,21062000000.0,21172000000.0,21281000000.0,21375000000.0,21484000000.0,21594000000.0,21703000000.0,21812000000.0,21922000000.0,22015000000.0,22125000000.0,22234000000.0,22344000000.0,22453000000.0,22562000000.0,22656000000.0,22765000000.0,22875000000.0,22984000000.0,23094000000.0,23203000000.0,23312000000.0,23406000000.0,23515000000.0,23625000000.0,23734000000.0,23828000000.0,23937000000.0,24047000000.0,24156000000.0,24265000000.0,24375000000.0,24484000000.0,24578000000.0,24687000000.0,24797000000.0,24906000000.0,25015000000.0,25125000000.0,25234000000.0,25328000000.0,25437000000.0,25547000000.0,25656000000.0,25765000000.0
3.052e-05,3.052e-05,3.052e-05,3.052e-05,3.052e-05,3.052e-05,3.052e-05,3.052e-05,3.052e-05,3.052e-05,3.052e-05,3.052e-05,3.052e-05,3.052e-05,3.052e-05,3.052e-05,3.052e-05,0.0,3.052e-05,3.052e-05,3.052e-05,3.052e-05,0.0,3.052e-05,3.052e-05,3.052e-05,3.052e-05,3.052e-05,3.052e-05,3.052e-05,3.052e-05,0.0,3.052e-05,3.052e-05,3.052e-05,3.052e-05,3.052e-05,0.0,0.0,3.052e-05,3.052e-05,3.052e-05,3.052e-05,3.052e-05,3.052e-05,3.052e-05,3.052e-05,3.052e-05,3.052e-05,3.052e-05,3.052e-05,3.052e-05,3.052e-05,3.052e-05,3.052e-05,3.052e-05,0.0,3.052e-05,3.052e-05,3.052e-05,3.052e-05,3.052e-05,3.052e-05,3.052e-05,0.0,3.052e-05,3.052e-05,3.052e-05,3.052e-05,3.052e-05,3.052e-05,3.052e-05,3.052e-05,3.052e-05,3.052e-05,3.052e-05,3.052e-05,3.052e-05,3.052e-05,3.052e-05,3.052e-05,3.052e-05,0.0,3.052e-05,9.155e-05,-6.103999999140797e-05,-0.0004272499999729007,-0.0007934600000112368,-0.0007019099999752143,9.155e-05,0.00018311,0.00015259,0.00015259,0.00015259,0.00021362,0.00030518,0.07189941,0.73580932,6.48876953,10.28118896,10.28002929,10.27612304,10.26879882,9.83355712,2.17492675,-0.007629399999984798,-0.0051574799999798415,-0.0036621099999933904,0.04370117,3.24432373,9.33175659,10.27636718,10.27700805,10.2734375,10.19839477,8.99420166,2.97503662,-0.008087160000002314,-0.007324219999986781,-0.0035400400000185073,0.06512451,2.25741577,7.9638977,10.28198242,10.28076171,10.2769165,10.14422607,7.21527099,1.85769653,-0.006988530000000992,-0.006988530000000992,-0.004333499999972901,0.05480957,0.95364379,7.1861267,10.28033447,10.27935791,10.27780151,10.25534057,8.29965209,3.53439331,0.20462036,-0.008148199999993722,-0.005706789999976536,-0.0025024500000085936,0.53494262,5.99002075,10.28112792,10.28018188,10.27871704,10.26779174,9.16189575,3.74111938,-0.009613039999976536,-0.009063729999979842,-0.006652840000015203,-0.0059814499999788495,-0.0005798400000003312,2.91369628,10.23541259,10.28042602,10.27853393,10.27288818,9.27456665,2.79217529,-0.0068054199999778575,-0.009155280000015864,-0.006927500000017517,-0.0034790099999781887,0.6184082,6.0,10.22888183,10.28161621,10.27722167,10.25726318,9.13406372,4.1468811,1.08990478,-0.008514409999975214,-0.007873539999991408,-0.001373300000011568,1.67123413,5.73632812,7.6262207,10.28088378,10.27966308,10.27017211,9.18441772,3.82772827,0.0663147,-0.009429940000018178,-0.007781990000012229,-0.005493170000022474,0.12332154,2.85641479,8.16851806,10.28054809,10.27938842,10.27606201,10.05718994,4.96444702,1.58743286,-0.009826669999995374,-0.00796509000002743,-0.006561280000028091,-0.004791259999990416,0.47537231,6.56970214,10.28097534,10.27999877,10.27777099,10.24252319,7.7645874,2.96804809,-0.010559090000015203,-0.010192879999976867,-0.009490970000001653,-0.007934579999982816,-0.005920419999995374,-0.005340579999995043,-0.005279550000011568,-0.005279550000011568,-0.005279550000011568,-0.005279550000011568,-0.005279550000011568,-0.005279550000011568,-0.005279550000011568,-0.005279550000011568,-0.005279550000011568
0.0,-3.0519999995703984e-05,0.0,0.0,0.0,0.0,7.63e-06,-3.0519999995703984e-05,0.0,-3.0519999995703984e-05,7.63e-06,0.0,-3.0519999995703984e-05,-3.0519999995703984e-05,0.0,7.63e-06,7.63e-06,0.0,0.0,0.0,-3.0519999995703984e-05,-3.0519999995703984e-05,0.0,-3.0519999995703984e-05,0.0,-6.103999999140797e-05,7.63e-06,-3.0519999995703984e-05,0.0,0.0,0.0,0.0,-3.0519999995703984e-05,-3.0519999995703984e-05,0.0,0.0,-3.0519999995703984e-05,-3.0519999995703984e-05,0.0,7.63e-06,0.0,7.63e-06,0.0,0.0,7.63e-06,0.0,0.0,0.0,0.0,0.0,7.63e-06,-3.0519999995703984e-05,-3.0519999995703984e-05,0.0,7.63e-06,-3.0519999995703984e-05,0.0,7.63e-06,-3.0519999995703984e-05,7.63e-06,0.0,1.526e-05,7.63e-06,0.0,0.0,7.63e-06,0.0,7.63e-06,-3.0519999995703984e-05,-3.0519999995703984e-05,7.63e-06,0.0,0.0,0.0,0.0,0.0,0.0,7.63e-06,7.63e-06,0.0,-3.0519999995703984e-05,7.63e-06,7.63e-06,0.0,1.526e-05,-6.103999999140797e-05,-0.0004882900000211521,-0.0008545000000026448,-0.0007324300000277617,5.341e-05,0.00011444,9.155e-05,8.392e-05,0.00011444,0.00011444,0.00016022,0.07978058,0.81825256,6.79777526,10.26429748,10.26416778,10.25898742,10.25357818,9.72483062,1.90153503,-0.0071716400000241265,-0.00521851000002016,-0.0036926299999890944,0.06550598,3.53359222,9.46364593,10.26058197,10.2612152,10.25785064,10.166893,8.8341751,2.79507446,-0.006530769999983477,-0.007507330000009915,-0.0034790099999781887,0.08335114,2.4927597,8.10391998,10.26663208,10.26487731,10.26108551,10.1001358,6.94268798,1.71015167,-0.007659919999980502,-0.007202150000011898,-0.004333499999972901,0.0677948,1.05337524,7.41622924,10.26369476,10.26358032,10.26207733,10.23149108,8.08348083,3.43946075,0.03360748,-0.008178719999989426,-0.0059509299999831455,-0.0027160700000194993,0.60650634,6.28705596,10.26433563,10.26422882,10.26294708,10.25051879,9.01813507,3.58939361,-0.01013183999998546,-0.009460450000005949,-0.006774909999990086,-0.006256109999981163,0.00058746,3.25422668,10.24243927,10.26461029,10.26287078,10.2567749,9.10906982,2.63773345,-0.008697509999990416,-0.00955200999999306,-0.007141119999971579,-0.0035095299999738927,0.72581481,6.21266174,10.25112915,10.265625,10.26136016,10.23593902,9.01111602,3.98880767,0.98464965,-0.00897216999999273,-0.007934579999982816,-0.0012207099999841375,1.85218811,5.77347564,7.78492736,10.26530456,10.26383209,10.25384521,9.03543853,3.68048095,0.02141571,-0.009246829999995043,-0.007873539999991408,-0.005554200000005949,0.15738677,3.09288787,8.3019638,10.26532745,10.26361083,10.26039886,9.98438262,4.6918869,1.45680236,-0.009613039999976536,-0.008056650000014542,-0.006774909999990086,-0.004425050000008923,0.55249023,6.87646484,10.26544189,10.26426696,10.26208496,10.21290588,7.51639556,2.82818603,-0.010223390000021482,-0.010467530000028091,-0.009582519999980832,-0.007873539999991408,-0.0057983400000125584,-0.005371099999990747,-0.005310059999999339,-0.005310059999999339,-0.005310059999999339,-0.005279550000011568,-0.005310059999999339,-0.005310059999999339,-0.005279550000011568,-0.005310059999999339,-0.005279550000011568
1.144e-05,7.63e-06,7.63e-06,3.81e-06,1.526e-05,7.63e-06,1.144e-05,7.63e-06,7.63e-06,7.63e-06,1.526e-05,7.63e-06,7.63e-06,3.81e-06,1.144e-05,1.144e-05,1.907e-05,3.81e-06,7.63e-06,1.526e-05,0.0,0.0,3.81e-06,7.63e-06,1.144e-05,0.0,1.526e-05,3.81e-06,1.144e-05,1.144e-05,7.63e-06,7.63e-06,3.81e-06,7.63e-06,7.63e-06,1.144e-05,7.63e-06,0.0,7.63e-06,1.907e-05,7.63e-06,1.526e-05,7.63e-06,7.63e-06,1.907e-05,7.63e-06,1.144e-05,3.81e-06,3.81e-06,3.81e-06,1.526e-05,7.63e-06,7.63e-06,7.63e-06,1.526e-05,7.63e-06,7.63e-06,1.526e-05,0.0,1.144e-05,1.144e-05,2.289e-05,1.526e-05,7.63e-06,3.81e-06,7.63e-06,7.63e-06,1.907e-05,7.63e-06,7.63e-06,1.144e-05,7.63e-06,1.144e-05,1.526e-05,1.907e-05,1.526e-05,7.63e-06,1.907e-05,1.526e-05,1.144e-05,7.63e-06,1.907e-05,7.63e-06,7.63e-06,4.578e-05,-6.103999999140797e-05,-0.0004272499999729007,-0.0008239800000069408,-0.0007019099999752143,7.629e-05,0.00014877,0.00011444,0.00011826,0.00013351,0.00016785,0.00023651,0.07582855,0.7770195,6.64327239,10.27273368,10.272089,10.26754379,10.26117897,9.77918815,2.03821945,-0.007385259999978189,-0.0051574799999798415,-0.0036621099999933904,0.05460358,3.38895988,9.39770317,10.26847457,10.26909828,10.26564216,10.18263816,8.91418075,2.88504409,-0.00729370999999901,-0.007385259999978189,-0.0035095299999738927,0.07422256,2.37507629,8.03390693,10.27429771,10.27280998,10.26900672,10.12218093,7.07896995,1.78392791,-0.00729370999999901,-0.007080079999980171,-0.004302979999977197,0.06128693,1.00349426,7.30116653,10.27200317,10.27146148,10.26992988,10.2434082,8.19155311,3.48691558,0.11912537,-0.008148199999993722,-0.0057983400000125584,-0.0025939999999877728,0.57071304,6.13853645,10.27272796,10.27220916,10.27082633,10.25915527,9.0900135,3.66524887,-0.009857179999983146,-0.009246829999995043,-0.006713869999998678,-0.006103520000010576,7.63e-06,3.08395195,10.23892402,10.27251625,10.27070236,10.26483345,9.19182205,2.71495437,-0.007751470000016525,-0.009338379999974222,-0.007019049999996696,-0.0034790099999781887,0.67211151,6.10632705,10.2400074,10.27361488,10.26927566,10.2466011,9.07258605,4.06783676,1.0372734,-0.00872802999998612,-0.007873539999991408,-0.001281740000024456,1.76169586,5.75489616,7.70557022,10.27310371,10.27173995,10.26200866,9.10992622,3.75409317,0.04385757,-0.009338379999974222,-0.0078125,-0.005523690000018178,0.14033889,2.97465133,8.23523902,10.27293395,10.27148628,10.26823425,10.02077484,4.82816886,1.5221138,-0.009704590000012558,-0.007995610000023134,-0.006652840000015203,-0.00457763999997951,0.51391983,6.72307395,10.27320289,10.27213287,10.26992034,10.22770881,7.6404972,2.89810943,-0.010375979999992069,-0.010314950000008594,-0.009521489999997357,-0.007904059999987112,-0.005828860000008262,-0.005340579999995043,-0.005279550000011568,-0.005279550000011568,-0.005279550000011568,-0.005279550000011568,-0.005279550000011568,-0.005279550000011568,-0.005249030000015864,-0.005279550000011568,-0.005279550000011568
0.02471924,0.02334595,0.10986329,-0.01785279000000628,0.05493164,-0.07278443000001289,0.01922607,-0.012359619999983806,0.16342163,-0.0027465900000152033,0.22109985,-0.06591796999998678,0.1373291,-0.012359619999983806,-0.021972660000017186,-0.03158569999999372,-0.0384521500000119,-0.06317138999997951,-0.006866460000026109,-0.016479500000002645,0.0453186,-0.024719240000024456,0.01785278,-0.0851440499999967,0.10711671,-0.027465829999982816,-0.05905152000002545,-0.016479500000002645,-0.04394531999997753,-0.02334595000002082,-0.001373300000011568,0.09750367,-0.005493170000022474,0.16067504,-0.07141114000000925,-0.05767823000002181,-0.016479500000002645,0.0302124,-0.04531860999998116,-0.02609253000002809,-0.06866456000000198,-0.021972660000017186,-0.019226080000009915,0.08377076,-0.021972660000017186,0.0302124,-0.07141114000000925,0.03295898,-0.012359619999983806,0.05218506,-0.01785279000000628,0.03570556,-0.0769043000000238,0.10162354,-0.03158569999999372,0.0769043,-0.006866460000026109,-0.0851440499999967,-0.02883911999998645,-0.0466918999999848,0.00411987,-0.009613039999976536,-0.010986329999980171,-0.07278443000001289,-0.0041198800000188385,-0.03707886000000826,0.07003784,-0.0041198800000188385,0.11810303,-0.0411987400000271,-0.06454467999998315,-0.030212409999990086,-0.02609253000002809,-0.021972660000017186,-0.03982544000001553,-0.08102416999997786,-0.013732919999995374,-0.04943847999999207,0.04257202,-0.021972660000017186,-0.009613039999976536,-0.06729125999999042,0.10711671,-0.048065189999988434,0.10299683,-0.0027465900000152033,-0.07278443000001289,-0.0466918999999848,-0.02334595000002082,-0.08377075999999306,-0.024719240000024456,-0.05493165000001454,0.08102417,0.02746582,0.11947632,-0.05630494000001818,0.21560668,0.76629638,6.49154663,10.20767211,10.14587402,10.24475097,10.20904541,9.60479736,1.89102172,0.08651734,-0.03707886000000826,0.03570556,0.08239747,3.47579956,9.36035156,10.20904541,10.18707275,10.19119262,9.95361328,8.81790161,2.78640747,0.03158569,-0.09063721000001124,0.0,0.07415771,2.4609375,8.01452636,10.23513793,10.17059326,10.18432617,9.99481201,6.95159912,1.85119628,-0.0466918999999848,-0.016479500000002645,-0.048065189999988434,-0.012359619999983806,1.15905761,7.32376098,10.25161743,10.178833,10.22415161,10.09918212,8.04061889,3.61038208,0.0,-0.04943847999999207,0.06591797,-0.05218505999999934,0.66192626,6.18804931,10.03601074,10.17471313,10.23651123,10.21316528,8.97720336,3.70925903,-0.03158569999999372,-0.06042480999997224,0.16891479,-0.024719240000024456,-0.06454467999998315,3.18466186,10.16647338,10.09643554,10.22689819,10.18432617,9.11041259,2.84957885,-0.021972660000017186,-0.07141114000000925,-0.009613039999976536,-0.02883911999998645,0.66329956,6.06033325,10.2104187,10.20904541,10.18569946,10.02227783,8.98269653,3.9729309,1.0231018,-0.07415772000001652,-0.061798099999975875,-0.07141114000000925,1.80450439,5.69091796,7.7027893,10.103302,10.21591186,10.13626098,9.02801513,3.93173217,-0.0411987400000271,-0.0466918999999848,0.14419555,-0.030212409999990086,0.22521972,3.04870605,8.26583862,10.20629882,10.19256591,10.1953125,9.94674682,4.82025146,1.44607543,0.09613038,0.00411987,-0.05905152000002545,0.00686646,0.50811767,6.80877685,10.22689819,10.19256591,10.2104187,10.13626098,7.55447387,2.80426025,-0.050811769999995704,0.05218506,-0.0851440499999967,0.08377076,-0.021972660000017186,-0.0411987400000271,-0.0384521500000119,-0.02334595000002082,0.00549316,-0.03295898999999736,-0.0769043000000238,0.01647949,-0.0384521500000119,-0.04394531999997753,0.00137329
0.0,0.00067139,0.00067139,0.00137329,0.00067139,0.0,0.00067139,0.00137329,0.00137329,0.0,0.00067139,0.0,0.00067139,0.00067139,0.00067139,0.0,0.00067139,0.00067139,0.0,0.00067139,0.0,0.00067139,0.00067139,0.00067139,0.0,0.00137329,0.00137329,0.00067139,0.0,0.00137329,0.00137329,0.00067139,0.00067139,0.00067139,0.00137329,0.00067139,0.0,0.00067139,0.00067139,0.00137329,0.00067139,0.0,0.00067139,0.00067139,0.00137329,0.0,0.00137329,0.00137329,0.00067139,0.00067139,0.00067139,0.0,0.00137329,0.0,0.00067139,0.00067139,0.00067139,0.0,0.0,0.00067139,0.00067139,0.00067139,0.00067139,0.0,0.00067139,0.00067139,0.00067139,0.00067139,0.00067139,0.00067139,0.00137329,0.0,0.00137329,0.00067139,0.00067139,0.00067139,0.00067139,0.0,0.00067139,0.00067139,0.0,-0.0007019099999752143,0.0,0.00067139,0.00137329,0.00067139,0.00067139,-0.0007019099999752143,0.00067139,0.00067139,0.00067139,0.00067139,0.0,0.00137329,0.00067139,0.00137329,0.10229493,1.03717041,7.45010375,10.27323913,10.27049255,10.26535034,10.26052856,9.46025085,1.37121582,-0.006530769999983477,-0.0041198800000188385,-0.003112799999996696,0.13250732,4.21565246,9.77130126,10.26774597,10.26843261,10.26431274,10.13555908,8.46633911,2.42213439,-0.007904059999987112,-0.006530769999983477,-0.003112799999996696,0.13183593,3.05212402,8.48521423,10.27288818,10.27221679,10.26774597,10.03359985,6.33499145,1.41551208,-0.006530769999983477,-0.005493170000022474,-0.0024108900000214817,0.10058594,1.30976867,7.8998413,10.27186584,10.27186584,10.26947021,10.2083435,7.60150146,3.22001647,-0.007202150000011898,-0.007202150000011898,-0.005493170000022474,-0.0017089899999973568,0.79203796,6.88772583,10.27221679,10.2708435,10.2701416,10.24887084,8.69807434,3.28558349,-0.008941660000004958,-0.0082397499999729,-0.005493170000022474,-0.00482177999998612,0.01303101,4.08346557,10.27426147,10.27288818,10.26876831,10.2622528,8.7265625,2.33801269,-0.008941660000004958,-0.008941660000004958,-0.005859380000003966,-0.0024108900000214817,0.99151611,6.65805053,10.27426147,10.27255249,10.26774597,10.22277832,8.74682617,3.69517517,0.7549591,-0.0082397499999729,-0.007202150000011898,0.00308228,2.26763916,5.85742187,8.20883178,10.27288818,10.2708435,10.25881958,8.71318054,3.39889526,-0.007904059999987112,-0.0082397499999729,-0.007202150000011898,-0.00482177999998612,0.2434082,3.66394042,8.66030883,10.2708435,10.2708435,10.26637268,9.83447265,4.21084594,1.16659545,-0.008941660000004958,-0.006530769999983477,-0.006530769999983477,-0.003112799999996696,0.75907897,7.48648071,10.27288818,10.27186584,10.26843261,10.17298889,6.95880126,2.5127716,-0.009613039999976536,-0.009613039999976536,-0.0082397499999729,-0.007202150000011898,-0.005493170000022474,-0.00482177999998612,-0.00482177999998612,-0.00482177999998612,-0.00482177999998612,-0.0041198800000188385,-0.00482177999998612,-0.0041198800000188385,-0.00482177999998612,-0.0041198800000188385,-0.0041198800000188385
1.908e-05,2.289e-05,2.289e-05,2.671e-05,1.526e-05,2.289e-05,1.908e-05,2.289e-05,2.289e-05,2.289e-05,1.526e-05,2.289e-05,2.289e-05,2.671e-05,1.908e-05,1.908e-05,1.145e-05,-3.81e-06,2.289e-05,1.526e-05,3.052e-05,3.052e-05,-3.81e-06,2.289e-05,1.908e-05,3.052e-05,1.526e-05,2.671e-05,1.908e-05,1.908e-05,2.289e-05,-7.63e-06,2.671e-05,2.289e-05,2.289e-05,1.908e-05,2.289e-05,0.0,-7.63e-06,1.145e-05,2.289e-05,1.526e-05,2.289e-05,2.289e-05,1.145e-05,2.289e-05,1.908e-05,2.671e-05,2.671e-05,2.671e-05,1.526e-05,2.289e-05,2.289e-05,2.289e-05,1.526e-05,2.289e-05,-7.63e-06,1.526e-05,3.052e-05,1.908e-05,1.908e-05,7.63e-06,1.526e-05,2.289e-05,-3.81e-06,2.289e-05,2.289e-05,1.145e-05,2.289e-05,2.289e-05,1.908e-05,2.289e-05,1.908e-05,1.526e-05,1.145e-05,1.526e-05,2.289e-05,1.145e-05,1.526e-05,1.908e-05,2.289e-05,1.145e-05,-7.63e-06,2.289e-05,4.5770000000000004e-05,0.0,0.0,3.0519999995703984e-05,0.0,1.526e-05,3.434e-05,3.8150000000000006e-05,3.4330000000000005e-05,1.9080000000000014e-05,4.577000000000002e-05,6.867e-05,-0.003929139999999998,-0.041210179999999985,-0.15450286000000002,0.008455279999999732,0.007940290000000516,0.008579250000000371,0.007619850000001094,0.054368970000000516,0.13670729999999987,-0.00024414000000660963,0.0,0.0,-0.010902410000000001,-0.14463614999999974,-0.06594658000000031,0.007892609999998967,0.007909769999999483,0.007795339999999484,0.015756610000000393,0.08002091,0.08999252999999996,-0.000793450000003304,6.103999999140797e-05,-3.051000004461457e-05,-0.00909805000000001,-0.11766051999999982,-0.07000923000000014,0.007684709999999484,0.007951730000000268,0.00790978000000031,0.022045139999999463,0.13630103999999932,0.07376861999999984,0.0003051799999980176,9.154999997917912e-05,-3.0519999995703984e-05,-0.0064773600000000014,-0.04985047000000009,-0.11503982999999973,0.008331300000000041,0.00789643000000062,0.007871630000000351,0.011932370000000248,0.10809898000000118,0.04747773000000022,0.08549499,0.0,9.155000003602254e-05,9.154999997917912e-05,-0.03577041999999997,-0.14851569999999992,0.008399960000000206,0.007972720000001488,0.007890709999999856,0.008636469999999008,0.07188224999999981,0.07587051000000011,0.00024414000000660963,0.00018310000001520166,6.1029999983475136e-05,0.00012207000003172652,-0.0005874700000003312,-0.17025566999999997,-0.0035114300000014254,0.007909769999999483,0.007831570000000454,0.008054730000001342,0.08274459999999983,0.0772209199999998,0.0009460500000386673,0.00018309999995835824,9.154999997917912e-05,0.0,-0.05370331000000006,-0.10632704999999998,-0.01112556999999903,0.00800132999999903,0.007946009999999504,0.01066208000000124,0.06147767000000037,0.07904434000000027,0.052631380000000005,0.00021362000001090564,0.0,-9.155999998711195e-05,-0.0904617299999999,-0.018568040000000785,-0.07934952000000006,0.007780069999999029,0.00792313,0.008163450000001404,0.0744915000000006,0.07363510000000018,0.022457130000000006,-9.156000004395537e-05,3.0509999987771153e-05,3.0519999995703984e-05,-0.01701735,-0.11823653999999983,-0.06672095999999961,0.007614139999999381,0.007902140000000557,0.007827759999999628,0.03641510000000103,0.13627815999999981,0.06531905999999998,-0.00012207999998281593,3.0519999995703984e-05,9.155999998711195e-05,-0.00021362000001090564,-0.038547519999999946,-0.15337180999999944,0.007772449999999154,0.007865900000000536,0.007850649999999959,0.014814380000000682,0.12409019999999948,0.06993866000000004,-0.0001831100000231345,0.00012207000003172652,3.0519999995703984e-05,-3.0519999995703984e-05,-9.155999998711195e-05,0.0,0.0,0.0,0.0,0.0,0.0,0.0,-3.0519999995703984e-05,0.0,0.0
-1.144e-05,-3.814999999570398e-05,-7.63e-06,-3.81e-06,-1.526e-05,-7.63e-06,-3.810000000000001e-06,-3.814999999570398e-05,-7.63e-06,-3.814999999570398e-05,-7.63e-06,-7.63e-06,-3.814999999570398e-05,-3.432999999570398e-05,-1.144e-05,-3.810000000000001e-06,-1.1439999999999999e-05,-3.81e-06,-7.63e-06,-1.526e-05,-3.0519999995703984e-05,-3.0519999995703984e-05,-3.81e-06,-3.814999999570398e-05,-1.144e-05,-6.103999999140797e-05,-7.63e-06,-3.432999999570398e-05,-1.144e-05,-1.144e-05,-7.63e-06,-7.63e-06,-3.432999999570398e-05,-3.814999999570398e-05,-7.63e-06,-1.144e-05,-3.814999999570398e-05,-3.0519999995703984e-05,-7.63e-06,-1.1439999999999999e-05,-7.63e-06,-7.63e-06,-7.63e-06,-7.63e-06,-1.1439999999999999e-05,-7.63e-06,-1.144e-05,-3.81e-06,-3.81e-06,-3.81e-06,-7.63e-06,-3.814999999570398e-05,-3.814999999570398e-05,-7.63e-06,-7.63e-06,-3.814999999570398e-05,-7.63e-06,-7.63e-06,-3.0519999995703984e-05,-3.810000000000001e-06,-1.144e-05,-7.63e-06,-7.63e-06,-7.63e-06,-3.81e-06,0.0,-7.63e-06,-1.1439999999999999e-05,-3.814999999570398e-05,-3.814999999570398e-05,-3.810000000000001e-06,-7.63e-06,-1.144e-05,-1.526e-05,-1.907e-05,-1.526e-05,-7.63e-06,-1.1439999999999999e-05,-7.63e-06,-1.144e-05,-3.814999999570398e-05,-1.1439999999999999e-05,0.0,-7.63e-06,-3.052e-05,0.0,-6.104000004825139e-05,-3.0519999995703984e-05,-3.05200000525474e-05,-2.2880000000000005e-05,-3.4330000000000005e-05,-2.2889999999999993e-05,-3.434e-05,-1.9069999999999992e-05,-5.340999999999999e-05,-7.628999999999999e-05,0.003952030000000009,0.041233060000000044,0.15450286999999996,-0.008436200000000227,-0.007921220000000062,-0.008556369999999092,-0.007600789999999691,-0.05435752999999899,-0.13668442000000014,0.00021361999995406222,-6.1030000040318555e-05,-3.0519999995703984e-05,0.010902400000000007,0.14463234000000025,0.06594276000000043,-0.007892599999999916,-0.007883079999999154,-0.007791520000001384,-0.015745159999999814,-0.08000565000000037,-0.08996963000000013,0.0007629400000155329,-0.00012207000003172652,3.0519999995703984e-05,0.009128579999999997,0.11768341000000015,0.07001305000000002,-0.007665629999999979,-0.007932670000000641,-0.007921210000001011,-0.022045130000000412,-0.13628197000000064,-0.07377624000000016,-0.00036620999998149273,-0.00012207000003172652,-3.0519999995703984e-05,0.006507869999999999,0.049880979999999964,0.11506271000000012,-0.00830840999999971,-0.007881159999998388,-0.00785254999999907,-0.01191711999999967,-0.10807228000000002,-0.04745482999999995,-0.08551788999999999,-3.0519999995703984e-05,-0.0001525899999705871,-0.00012207000003172652,0.03579330000000003,0.14851950999999985,-0.008392329999999504,-0.007980339999999586,-0.007879250000000226,-0.008636480000001612,-0.07187842999999994,-0.07585525999999998,-0.0002746600000023136,-0.00021362000001090564,-6.103999999140797e-05,-0.0001525899999705871,0.00057983,0.17027473000000004,0.0035152499999995257,-0.007905960000000434,-0.007831579999999505,-0.008058549999999443,-0.08275223000000054,-0.07722092000000025,-0.0009460399999738911,-0.00021363000001883847,-0.0001220699999748831,-3.0519999995703984e-05,0.05370330000000001,0.10633468999999973,0.01112175000000093,-0.007989880000000227,-0.007915499999999298,-0.010662079999999463,-0.06147003000000062,-0.07902908999999969,-0.05262374999999986,-0.00024414000000660963,-6.103999999140797e-05,6.1030000040318555e-05,0.09049225000000005,0.01857947999999965,0.07935713999999994,-0.00779915000000031,-0.007907860000001321,-0.008163449999999628,-0.07448768999999977,-0.07361221999999978,-0.022441859999999998,9.154999997917912e-05,-6.103999999140797e-05,-3.0509999987771153e-05,0.017047880000000015,0.11823654000000028,0.06672477999999948,-0.007606500000001404,-0.007875450000000228,-0.00783539000000033,-0.03639221999999975,-0.1362819599999998,-0.06531144000000011,9.155000003602254e-05,-6.103999999140797e-05,-0.0001220699999748831,0.0001525899999705871,0.038570400000000005,0.15339088999999984,-0.007761000000000351,-0.007865909999999587,-0.00783538000000128,-0.014802930000000103,-0.12410164000000012,-0.06992339999999997,0.0001525899999705871,-0.00015258000001949767,-6.1029999983475136e-05,3.0519999995703984e-05,3.0519999995703984e-05,-3.0519999995703984e-05,-3.0509999987771153e-05,-3.0509999987771153e-05,-3.0509999987771153e-05,0.0,-3.0509999987771153e-05,-3.0509999987771153e-05,-3.0519999995703984e-05,-3.0509999987771153e-05,0.0
0.0,0.0,0.0,0.0,0.0,0.0,0.0,0.0,0.0,0.0,0.0,0.0,0.0,0.0,0.0,0.0,0.0,0.0,0.0,0.0,0.0,0.0,0.0,0.0,0.0,0.0,0.0,0.0,0.0,0.0,0.0,0.0,0.0,0.0,0.0,0.0,0.0,0.0,0.0,0.0,0.0,0.0,0.0,0.0,0.0,0.0,0.0,0.0,0.0,0.0,0.0,0.0,0.0,0.0,0.0,0.0,0.0,0.0,0.0,0.0,0.0,0.0,0.0,0.0,0.0,0.0,0.0,0.0,0.0,0.0,0.0,0.0,0.0,0.0,0.0,0.0,0.0,0.0,0.0,0.0,0.0,0.0,0.0,0.0,0.0,0.0,0.0,0.0,0.0,0.0,0.0,0.0,0.0,0.0,0.0,0.0,0.0,0.0,0.0,0.0,0.0,0.0,0.0,0.0,0.0,0.0,0.0,0.0,0.0,0.0,0.0,0.0,0.0,0.0,0.0,0.0,0.0,0.0,0.0,0.0,0.0,0.0,0.0,0.0,0.0,0.0,0.0,0.0,0.0,0.0,0.0,0.0,0.0,0.0,0.0,0.0,0.0,0.0,0.0,0.0,0.0,0.0,0.0,0.0,0.0,0.0,0.0,0.0,0.0,0.0,0.0,0.0,0.0,0.0,0.0,0.0,0.0,0.0,0.0,0.0,0.0,0.0,0.0,0.0,0.0,0.0,0.0,0.0,0.0,0.0,0.0,0.0,0.0,0.0,0.0,0.0,0.0,0.0,0.0,0.0,0.0,0.0,0.0,0.0,0.0,0.0,0.0,0.0,0.0,0.0,0.0,0.0,0.0,0.0,0.0,0.0,0.0,0.0,0.0,0.0,0.0,0.0,0.0,0.0,0.0,0.0,0.0,0.0,0.0,0.0,0.0,0.0,0.0,0.0,0.0,0.0,0.0,0.0,0.0,0.0,0.0,0.0,0.0,0.0,0.0,0.0,0.0,0.0,0.0
0.0247078,0.02333832,0.10985566000000001,-0.01785660000000628,0.054916379999999994,-0.07279206000001288,0.01921463,-0.012367249999983806,0.163414,-0.002754220000015203,0.22108459,-0.06592559999998678,0.13732147,-0.012363429999983806,-0.021984100000017187,-0.03159713999999372,-0.0384712200000119,-0.06317519999997952,-0.006874090000026109,-0.016494760000002644,0.0453186,-0.024719240000024456,0.01784897,-0.08515167999999669,0.10710527,-0.027465829999982816,-0.05906678000002545,-0.016483310000002645,-0.04395675999997753,-0.023357390000020822,-0.001380930000011568,0.09749604,-0.005496980000022474,0.16066740999999998,-0.07141877000000925,-0.057689670000021814,-0.016487130000002646,0.0302124,-0.045326239999981165,-0.02611160000002809,-0.06867219000000198,-0.021987920000017185,-0.019233710000009917,0.08376313,-0.021991730000017185,0.03020477,-0.07142258000000926,0.03295517,-0.012363429999983806,0.05218125,-0.01786805000000628,0.035697929999999996,-0.07691193000002379,0.10161591,-0.031600959999993725,0.07689667,-0.006874090000026109,-0.0851593099999967,-0.02883911999998645,-0.0467033399999848,0.004108430000000001,-0.009635929999976535,-0.01100158999998017,-0.07279206000001288,-0.004123690000018838,-0.037086490000008264,0.07003021000000001,-0.004138950000018839,0.1180954,-0.0412063700000271,-0.06455611999998315,-0.030220039999990088,-0.026103970000028093,-0.021987920000017185,-0.039844510000015536,-0.08103942999997786,-0.013740549999995374,-0.04945754999999207,0.04255676,-0.021984100000017187,-0.009620669999976536,-0.06731032999999041,0.10710908000000001,-0.048072819999988435,0.10295105,-0.0026855500000237953,-0.07235718000003999,-0.04586791999997786,-0.022644040000045607,-0.08384704999999307,-0.024868010000024456,-0.05504609000001454,0.08090591000000001,0.02733231,0.11930847,-0.05654145000001818,0.13977813,-0.010723119999999975,-0.1517257599999997,-0.06506156999999924,-0.12621497999999853,-0.02279281999999938,-0.05213355999999969,-0.17439079000000035,-0.14719773000000025,0.09390259999997819,-0.03192138000002842,0.03936766999999339,0.02779389,0.0868396800000002,-0.03735160999999998,-0.059429160000000536,-0.08202552999999924,-0.07444953999999981,-0.229024879999999,-0.09627914000000004,-0.09863662000000017,0.03887939999999901,-0.08325195000003305,0.0035095299999738927,-6.485000000000518e-05,0.08586121000000002,-0.01938057000000093,-0.03915978000000031,-0.10221671999999948,-0.08468054999999985,-0.12736892000000033,-0.12737083000000027,0.06726836999999986,-0.03939818999998579,-0.009399420000022474,-0.04376221000001124,-0.07364654999998381,0.15556335,0.0225944500000006,-0.02038574000000004,-0.09262848000000012,-0.045778269999999566,-0.14422607999999926,-0.1509342199999999,0.12346650000000015,-0.11912537,-0.04129027999999835,0.07171631000001256,-0.049591060000011566,0.09121321999999998,0.0495128600000001,-0.23671721999999917,-0.09749602999999851,-0.0343151000000006,-0.0459899900000007,-0.11281013999999878,0.04401016000000002,-0.021728520000010576,-0.0511779799999772,0.1756286599999987,-0.01861572000001388,-0.06455230999998314,0.10070990999999996,-0.07245064000000134,-0.1760807100000008,-0.04380416999999959,-0.08050727999999907,-0.08140946000000149,0.13462447999999982,-0.01422119000000066,-0.06207276000003503,-0.00259398999997984,-0.025360110000008262,-0.008811950000000013,-0.04599379999999975,-0.02958869999999969,-0.06456947000000035,-0.08357619999999955,-0.2243232699999993,-0.08988951999999983,-0.09490585999999945,-0.01417159999999984,-0.0654296900000304,-0.05392455999998447,-0.0701293999999848,0.04280853000000007,-0.06397820000000021,-0.0027809200000001866,-0.16980171000000155,-0.05582809000000033,-0.12574767999999992,-0.08191109000000019,0.1776390000000001,-0.0850563100000271,-0.037353520000010576,0.15200805,-0.02468871999997191,0.08488083000000002,0.07405471999999991,0.030599600000000393,-0.06663512999999988,-0.07892036999999874,-0.07292175000000078,-0.07402802000000008,-0.007917400000000185,-0.07603837000000002,0.10583497000001256,0.012115480000023136,-0.052398680000010245,0.01144409999997951,-0.005802160000000001,0.08570290000000025,-0.04630470000000031,-0.0795669599999993,-0.05950164000000058,-0.0914478299999999,-0.08602333000000062,-0.09384917999999987,-0.040435790000003635,0.0625000100000086,-0.07562255999999934,0.09167481999998711,-0.016143800000008923,-0.03585816000003206,-0.03317260000000033,-0.018066400000009253,0.010772710000011568,-0.02767943999998579,-0.07162475000001223,0.021759040000011567,-0.033203119999996034,-0.03866576999996596,0.006652840000011568
-1.144e-05,0.00066376,0.00066376,0.0013694800000000002,0.00065613,-7.63e-06,0.00065995,0.00136566,0.00136566,-7.63e-06,0.00065613,-7.63e-06,0.00066376,0.00066758,0.00065995,-1.144e-05,0.00065232,0.00066758,-7.63e-06,0.00065613,0.0,0.00067139,0.00066758,0.00066376,-1.144e-05,0.00137329,0.00135803,0.00066758,-1.144e-05,0.0013618500000000002,0.00136566,0.00066376,0.00066758,0.00066376,0.00136566,0.00065995,-7.63e-06,0.00067139,0.00066376,0.0013542200000000002,0.00066376,-1.526e-05,0.00066376,0.00066376,0.0013542200000000002,-7.63e-06,0.0013618500000000002,0.0013694800000000002,0.00066758,0.00066758,0.00065613,-7.63e-06,0.00136566,-7.63e-06,0.00065613,0.00066376,0.00066376,-1.526e-05,0.0,0.00065995,0.00065995,0.0006485,0.00065613,-7.63e-06,0.00066758,0.00066376,0.00066376,0.00065232,0.00066376,0.00066376,0.0013618500000000002,-7.63e-06,0.0013618500000000002,0.00065613,0.00065232,0.00065613,0.00066376,-1.907e-05,0.00065613,0.00065995,-7.63e-06,-0.0007209799999752144,-7.63e-06,0.00066376,0.00132751,0.000732429999991408,0.0010986399999729007,0.00012207000003172652,0.0013732999999752143,0.0005951,0.00052262,0.0005569500000000001,-0.00011826,0.0012397800000000002,0.00050354,0.00113678,0.02646638000000001,0.2601509100000001,0.8068313600000003,0.0005054500000003515,-0.0015964499999991943,-0.002193450000000041,-0.0006504100000004343,-0.3189373,-0.6670036300000002,0.000854489999994712,0.001037599999961003,0.0005493099999966944,0.07790374000000001,0.8266925800000005,0.37359808999999977,-0.0007286000000004123,-0.0006656700000000626,-0.0013294200000011358,-0.04707907999999961,-0.44784164000000004,-0.4629097,-0.0006103499999881024,0.000854489999994712,0.0003967299999771967,0.05761336999999998,0.67704773,0.45130729999999986,-0.0014095300000001032,-0.0005931900000000212,-0.0012607500000001437,-0.08858108000000087,-0.7439784999999999,-0.36841583,0.0007629400000155329,0.0015869099999576974,0.001892089999955715,0.039299009999999995,0.3062744099999999,0.5986747700000006,-0.00013732999999938045,0.0004043600000009917,-0.00045966999999969005,-0.035064699999999505,-0.5900516499999995,-0.2668991099999998,-0.1263275200000119,0.0009460499999818239,0.00030516999999008476,0.000885009999990416,0.22132492000000004,0.7491893799999998,-0.0005111699999993391,-0.0013656599999993801,-0.0006847299999996892,-0.010284430000000455,-0.39193915999999973,-0.37966538000000005,0.0009155199999781871,0.0010070800000221425,0.0012206999999762047,0.001281740000024456,0.013023380000000001,0.9995136200000005,0.035337450000000104,0.0003719300000000203,-0.0019340499999991323,-0.002580649999998741,-0.46525955000000074,-0.3769416800000003,-0.0011901899999884336,0.0003967199999692639,0.0011596699999927296,0.001068119999956707,0.3194045999999999,0.5517234799999997,0.034254070000001136,-0.0010623899999995245,-0.001529689999999917,-0.02382277999999971,-0.32575987999999967,-0.37266158999999943,-0.2823142999999999,0.00048828000001321925,0.0006713899999795103,0.004364020000024456,0.5059433,0.10252570999999921,0.5032615600000003,-0.00021553000000018585,-0.0008964500000008258,-0.003189079999998512,-0.39674568000000043,-0.3551979099999998,-0.05176162999998711,0.0010986300000013216,0.0006103499999881024,0.0007019100000320577,0.10306931,0.6892890899999999,0.4250698100000001,-0.002090450000000743,-0.0006427799999997319,-0.0018615700000008673,-0.18630218999999926,-0.6173229200000003,-0.3555183500000001,0.0007629300000076,0.0014648400000396578,0.00012207000003172652,0.0014648399999828143,0.24515914000000005,0.7634067600000005,-0.00031470999999960725,-0.0002670299999998349,-0.0014877300000009086,-0.054719920000000144,-0.68169594,-0.38533782999999966,0.0007629400000155329,0.0007019100000320577,0.001281740000024456,0.0007019099999752143,0.00033568999998578875,0.0005188000000089232,0.0004577700000254481,0.0004577700000254481,0.0004577700000254481,0.0011596699999927296,0.0004577700000254481,0.0011596699999927296,0.0004272500000297441,0.0011596699999927296,0.0011596699999927296
7.291118556459266e-304,0.0,0.0,0.0,0.0,0.0,0.0,0.0,0.0,0.0,0.0,0.0,0.0,0.0,0.0,0.0,0.0,8.477777777777778e-07,8.477777777777778e-07,0.0,0.0,0.0,8.477777777777778e-07,8.477777777777778e-07,0.0,0.0,0.0,0.0,0.0,0.0,0.0,8.477777777777778e-07,8.477777777777778e-07,0.0,0.0,0.0,0.0,8.477777777777778e-07,0.0,8.477777777777778e-07,0.0,0.0,0.0,0.0,0.0,0.0,0.0,0.0,0.0,0.0,0.0,0.0,0.0,0.0,0.0,0.0,8.477777777777778e-07,8.477777777777778e-07,0.0,0.0,0.0,0.0,0.0,0.0,8.477777777777778e-07,8.477777777777778e-07,0.0,0.0,0.0,0.0,0.0,0.0,0.0,0.0,0.0,0.0,0.0,0.0,0.0,0.0,0.0,0.0,8.477777777777778e-07,8.477777777777778e-07,1.695277777777778e-06,4.238611110872443e-06,1.017249999948591e-05,1.0172500001064893e-05,2.5430555565561817e-06,2.2040555554867063e-05,2.5433333333333333e-06,8.477777777777778e-07,0.0,0.0,1.695277777777778e-06,2.5433333333333333e-06,0.001988728611111111,0.018441941944444443,0.15980445027777776,0.10534498416666666,3.2213055555550975e-05,0.00010850694444444444,0.00020345055555553374,0.01209004722222224,0.2127397325,0.06062655972222179,6.866444444458214e-05,4.15380555551792e-05,0.0013156466666664828,0.08890618222222223,0.16909535722222221,0.026239183055555552,1.780194444443871e-05,9.918194444442147e-05,0.0020845202777777733,0.03344980861111112,0.16719902888888888,0.0828645494444445,2.1192777778209245e-05,0.00010511611111022982,0.001907348611111625,0.06089697944444444,0.15851338694444445,0.06439124222222221,3.3908611111114574e-05,0.00010681138888888085,0.003685845277777785,0.08135986333333335,0.14882151277777775,0.05179680722222224,0.0,7.375083333411365e-05,0.0016428630555548028,0.02496761722222222,0.17312452527777777,0.08595021583333332,2.712666666666092e-05,4.323333333333679e-05,0.0006239150000000057,0.05432467999999998,0.13236829944444445,0.09249369305555556,0.005910237777777602,6.781694444492182e-05,8.900944444355396e-05,0.01492902972222246,0.15152994805555556,0.11919742138888885,2.6278888888854447e-05,4.069000000001605e-05,0.00030348055555556245,0.03071933305555557,0.15057712138888885,0.10418701166666601,1.5258611111019289e-05,6.69691666656844e-05,1.864972222323205e-05,0.0001500447222216255,0.08095211444444445,0.20338100861111108,0.001250373055555581,5.2558055555559e-05,0.00015682638888887053,0.027731153611111115,0.1800664266666667,0.07774946416666605,6.527388888994462e-05,6.188277777773187e-05,9.579138888998134e-05,0.017274644722221615,0.1494886611111111,0.11746893972222223,0.001464843888888851,0.000122070555555551,0.0005544024999999645,0.03119998500000001,0.13853285055555556,0.08491600888888888,0.030511644166665974,1.780194444399462e-05,0.0001805622222216622,0.046461317500000314,0.11291927749999997,0.05249701611111112,0.0737406411111111,3.390833333331381e-05,0.00026363805555555214,0.030159844166666665,0.1487969291666667,0.10448371027777778,0.002104017777778283,4.5776388889054135e-05,6.357833333304875e-05,0.003578186388889513,0.07591925694444444,0.14755842416666665,0.05866750083333332,3.2213055555550975e-05,9.240027777776858e-05,0.006079779722222216,0.14146508111111114,0.09380594888888888,0.04436832027777765,5.171055555466511e-05,3.899472222220387e-05,4.9167222223268757e-05,0.01333787694444418,0.16928693972222222,0.10309092222222219,2.712694444441234e-05,6.188277777778121e-05,0.0009791055555555693,0.06883154972222222,0.13323720305555556,0.08273908833333375,1.0172500001064893e-05,1.949749999931151e-05,4.3233055556078805e-05,5.5948888888540045e-05,1.6106666666675868e-05,1.6952777773187538e-06,0.0,0.0,0.0,0.0,0.0,0.0,0.0,0.0
7.291118556459266e-304,8.477777776584439e-07,8.477777776584439e-07,0.0,0.0,0.0,2.1194444444444444e-07,1.0597222221028884e-06,8.477777776584439e-07,8.477777776584439e-07,1.0597222221028884e-06,2.1194444444444444e-07,8.477777776584439e-07,0.0,8.477777776584439e-07,2.1194444444444444e-07,0.0,2.1194444444444444e-07,0.0,0.0,8.477777776584439e-07,0.0,8.477777776584439e-07,8.477777776584439e-07,8.477777776584439e-07,1.6955555553168879e-06,1.9074999997613327e-06,1.0597222221028884e-06,8.477777776584439e-07,0.0,0.0,0.0,8.477777776584439e-07,0.0,8.477777776584439e-07,0.0,8.477777776584439e-07,0.0,8.477777776584439e-07,2.1194444444444444e-07,2.1194444444444444e-07,2.1194444444444444e-07,2.1194444444444444e-07,0.0,2.1194444444444444e-07,2.1194444444444444e-07,0.0,0.0,0.0,0.0,2.1194444444444444e-07,1.0597222221028884e-06,0.0,8.477777776584439e-07,2.1194444444444444e-07,1.0597222221028884e-06,8.477777776584439e-07,2.1194444444444444e-07,1.0597222221028884e-06,1.0597222221028884e-06,2.1194444444444444e-07,4.238888888888889e-07,2.1194444444444444e-07,2.1194444444444444e-07,0.0,2.1194444444444444e-07,2.1194444444444444e-07,2.1194444444444444e-07,1.0597222221028884e-06,0.0,1.0597222221028884e-06,2.1194444444444444e-07,0.0,0.0,0.0,0.0,0.0,2.1194444444444444e-07,0.0,2.1194444444444444e-07,8.477777776584439e-07,1.0597222221028884e-06,0.0,2.1194444444444444e-07,4.238888888888889e-07,2.1194444442057768e-06,1.1868055556381782e-05,1.017249999948591e-05,3.390833332635642e-06,2.1828888889660044e-05,1.6952777777777775e-06,6.358333333333331e-07,2.1194444444444462e-07,8.477777777777778e-07,0.0,1.271666666666667e-06,0.002211676666666667,0.020513110555555554,0.16609785277777775,0.09629228388888887,3.6027777777904014e-06,0.00014389888888885792,0.00015025666666668158,0.014687432222222204,0.2173137663888889,0.053019629722222884,5.425361111122129e-05,4.238555555641849e-05,0.001922183611110808,0.09633572888888887,0.16472371416666667,0.02213711222222223,1.7589722222223338e-05,9.346000000003901e-05,0.002526601111111088,0.03701994166666668,0.16775279555555553,0.07782236749999953,2.712666666740107e-05,0.00011189777777865907,0.002411948611110505,0.06692801555555555,0.15586556333333335,0.06007533611111112,4.874361111115475e-05,0.00010532777777778119,0.004470825277777745,0.0877068838888889,0.14534823083333331,0.04771698861111056,1.2715833332461241e-05,7.968472222330547e-05,0.002003563888888136,0.027377234444444447,0.17674594444444441,0.07909626444444445,3.178888888862493e-06,4.174972222223714e-05,0.0008496180555555751,0.0596669513888889,0.12900055777777775,0.09460703527777777,0.001160727777777484,6.188305555573e-05,8.98572222212124e-05,0.016922844722222764,0.157793045,0.11047999083333332,2.966944444447882e-06,3.560388888887742e-05,0.0003452302777777996,0.0342328811111111,0.15079837388888886,0.09998681805555515,1.8649722221653064e-05,7.459833333377396e-05,1.441111111135898e-05,0.0001900991666661434,0.0903788672222222,0.19411701638888887,0.0006158616666666678,4.831972222222684e-05,0.00016933000000000456,0.03188069666666666,0.17975934361111112,0.07351197111111084,2.373611111118458e-05,6.696916666726338e-05,0.00010087749999993573,0.02025900944444372,0.1524124147222222,0.11217965027777779,0.00040266249999998394,0.00011846777777776059,0.000706142777777795,0.03402286111111113,0.13950856527777777,0.08344883388888888,0.027600606111110912,2.8821944444719822e-05,0.0001864963888888522,0.051483578333332884,0.10892465361111109,0.05587365888888889,0.06889936666666667,4.0901944444480006e-05,0.0002774133333333219,0.03384462999999998,0.1487488216666667,0.10164070111111112,0.0008517372222220845,3.814694444454542e-05,6.442611111070719e-05,0.004526138055555721,0.08154169722222222,0.14469655361111108,0.054537879166666664,4.7683888888884316e-05,8.922138888885674e-05,0.007667117777777794,0.14701377,0.08986345944444443,0.040733761111110454,4.323305555449982e-05,3.5603888889568225e-05,6.527388888836565e-05,0.015469868888889134,0.17566596138888887,0.09413825138888889,3.263694444442954e-05,6.061111111114551e-05,0.0013660855555555568,0.0749030644444444,0.1302280425,0.0788447061111117,6.7816666668502676e-06,2.458361111242387e-05,4.747166666637289e-05,5.764444444385693e-05,1.1867777778383646e-05,1.6955555553168879e-06,0.0,0.0,8.474999996603098e-07,8.474999996603098e-07,0.0,8.474999996603098e-07,8.474999996603098e-07,8.474999996603098e-07
7.291118556459266e-304,1.0583333333333335e-07,0.0,1.0611111111111109e-07,3.1805555555555557e-07,2.1194444444444444e-07,1.0583333333333335e-07,1.0583333333333335e-07,0.0,0.0,2.1194444444444444e-07,2.1194444444444444e-07,0.0,1.0611111111111109e-07,2.1194444444444444e-07,0.0,2.1194444444444436e-07,4.238888888888889e-07,1.0611111111111109e-07,2.1194444444444444e-07,4.238888888888889e-07,0.0,1.0583333333333332e-07,1.0611111111111109e-07,1.0583333333333335e-07,3.177777777777778e-07,4.238888888888889e-07,3.1805555555555557e-07,2.1194444444444444e-07,0.0,1.0583333333333335e-07,0.0,1.0611111111111109e-07,1.0611111111111109e-07,0.0,1.0583333333333335e-07,1.0583333333333335e-07,2.1194444444444444e-07,2.1194444444444444e-07,3.1777777777777775e-07,3.1777777777777775e-07,2.1194444444444444e-07,2.1194444444444444e-07,0.0,3.1777777777777775e-07,3.1777777777777775e-07,1.0583333333333335e-07,2.1194444444444444e-07,0.0,0.0,3.1805555555555557e-07,2.1194444444444444e-07,0.0,0.0,2.1194444444444444e-07,2.1194444444444444e-07,0.0,2.1194444444444444e-07,4.238888888888889e-07,3.177777777777778e-07,0.0,3.180555555555555e-07,2.1194444444444444e-07,2.1194444444444444e-07,1.0611111111111109e-07,1.0611111111111109e-07,0.0,3.1777777777777775e-07,3.1777777777777775e-07,0.0,1.0583333333333335e-07,1.0583333333333335e-07,1.0583333333333335e-07,1.0611111111111108e-07,1.0583333333333331e-07,1.0583333333333331e-07,2.1194444444444444e-07,3.1777777777777775e-07,1.0583333333333331e-07,1.0611111111111108e-07,1.0583333333333335e-07,3.1777777777777775e-07,3.1777777777777775e-07,0.0,1.059722222222222e-06,2.9672222219835545e-06,1.017249999948591e-05,1.1020277778723337e-05,3.3908333342146257e-06,2.1616666665978174e-05,2.0133333333333333e-06,9.536111111111113e-07,1.0611111111111113e-07,4.2361111111111084e-07,9.538888888888889e-07,1.9072222222222225e-06,0.0020997788888888888,0.01947752638888889,0.16295146916666667,0.10081836916666666,1.790777777779498e-05,0.00012625583333332932,0.00017680055555555383,0.01338863388888889,0.21502690833333332,0.05682235305555495,6.188277777773187e-05,4.15380555551792e-05,0.0016184913888887052,0.09262100833333332,0.16690953583333332,0.02418809444444446,1.732527777775772e-05,9.60033333333104e-05,0.002305666666666687,0.03523492805555555,0.1674760183333333,0.08034271666666663,2.543055554977198e-06,0.000107659166666786,0.002159224722221497,0.06391260361111112,0.15718974,0.06223307722222223,4.132583333335857e-05,0.00010564611111110424,0.00407849416666665,0.08453363833333334,0.1470845011111111,0.04975615611111108,5.9341666671899575e-06,7.714166666674928e-05,0.0018219419444438108,0.026172425833333336,0.1749353408333333,0.08252324,1.5046944444454783e-05,4.254444444444042e-05,0.0007367133333333361,0.056995974722222224,0.1306843758333333,0.09354972805555554,0.0035353769444442704,6.527388888836565e-05,8.900944444513293e-05,0.015925195555555216,0.15466176138888887,0.11483865305555552,1.4411111111112263e-05,3.841194444441519e-05,0.00032419611111109446,0.03247616027777781,0.15068790638888888,0.1020862791666662,1.6954166666336176e-05,7.035999999989902e-05,1.6954166666336176e-05,0.00016975416666696044,0.08566512,0.19874922416666668,0.0009331175,5.0385833333363747e-05,0.00016302527777778408,0.029805872222222182,0.17991299111111114,0.07563071777777823,4.408083333215826e-05,6.442583333270907e-05,9.833444444495854e-05,0.018766403333332727,0.15095043166666666,0.11482445416666666,0.0009335411111111272,0.0001205338888888975,0.0006298488888889015,0.03261152916666665,0.13902081361111113,0.08418231555555554,0.029055595277777384,2.3735833333186445e-05,0.00018310555555463756,0.04897160000000067,0.11092223055555556,0.054185390555555546,0.07132037472222225,3.78822222222297e-05,0.00027031361111114666,0.032002289999999975,0.14877314027777777,0.10306209999999998,0.0014776652777770615,4.2385555554839506e-05,6.357805555505062e-05,0.004051738333333838,0.0787309011111111,0.14612743583333332,0.056602636944444465,4.021305555558364e-05,9.033416666663167e-05,0.006873872500000032,0.144239055,0.09183486277777778,0.04255051083333368,4.747166666637289e-05,3.729916666688698e-05,5.764444444543592e-05,0.01440270749999943,0.1724765033333333,0.09861469277777779,2.972277777778408e-05,6.145916666665407e-05,0.001172542500000034,0.07186698916666663,0.13173299361111113,0.08079126138888866,1.6952777773187538e-06,2.204055555586769e-05,4.492861111139569e-05,5.764444444385693e-05,1.3563333333700535e-05,1.6952777773187538e-06,0.0,0.0,0.0,0.0,0.0,8.477777776584439e-07,8.477777776584439e-07,0.0
7.291118556459266e-304,3.814694444444442e-05,0.0024032594444444444,0.003547668888889063,0.002021789722222397,0.003547668611111469,0.00255584722222258,0.0008773802777773278,0.004882812499999551,0.004615783888889311,0.006217956666667088,0.007972717222221854,0.005645751944444078,0.00415801999999955,0.0002670288888898161,0.0002670288888882371,0.00019073472222272712,0.0006866455555546559,0.001564025833332039,0.0002670288888882371,0.0017166138888889623,0.001945495555556235,0.0011825561111117903,0.0028610230555554633,0.005340576666666575,0.0037384038888884116,0.000877380277778962,0.0011825561111117446,0.0007629394444437468,0.0005722047222210196,0.0006103513888891459,0.002746582500000321,0.0028610233333339575,0.004615783611111735,0.00644683833333359,0.0003814697222218734,0.001144409166667199,0.0012969972222222957,0.0020980836111105876,0.0005340577777764742,0.0011825563888881636,0.0012969972222218,7.629388888909084e-05,0.0028610233333336084,0.0029373172222226995,0.0014495850000004772,0.0028228761111113677,0.0028991700000002567,0.0012588499999995502,0.001792907777777328,0.0019454958333335079,0.0014877319444446186,0.003128051666667327,0.004959106666667328,0.0037002566666664923,0.0030136111111109367,0.0023269655555562805,0.002174377499999183,0.001564025833333618,0.0004959105555555096,0.001411438055555133,0.0003814697222215705,3.814694444454542e-05,0.0017166138888897978,0.0019073486111109458,0.0009155272222219284,0.0029754638888891184,0.00205993666666719,0.0033950808333338568,0.00442504916666742,0.0006484983333321123,0.0009536741666664739,0.00011444111111005541,0.00011444083333363626,0.0004959105555555096,0.0011444091666656202,0.0018692013888884024,0.0009918211111110192,0.002555847222222002,0.001792907777778255,0.00034332277777890694,0.0016021727777781633,0.004844665833333067,0.004310608333333012,0.0041961672222219,0.0029373172222226444,0.0019454955555554914,0.0007247925000007803,0.0006484986111101105,0.0016784669444436734,0.0016403199999991279,0.0008392336111108358,0.0037765505555559594,0.0014877319444444445,0.002555847222222222,0.004882812777778282,0.00755310055555606,0.01529693611111111,0.15903472916666667,0.10322570777777779,0.0017166136111111088,0.002746581944444425,0.000991821111111118,0.016784668055555577,0.21427154555555553,0.05012512166666666,0.0034332277777780074,0.0020217894444446737,0.0012969975,0.09426116916666667,0.16345977777777776,0.02357482916666667,0.0006103516666666506,0.00011444083333334021,0.006599426111111108,0.03154754638888892,0.1675415038888889,0.07652282722222221,0.0033950805555558678,0.00251770027777809,0.002059936388888889,0.0662994386111111,0.1542663572222222,0.061683654722222245,0.0017929075000000022,0.0003814697222222188,0.005264282222222218,0.0845336913888889,0.14167785666666666,0.052719116111110687,0.0008392333333328376,0.000877380277777383,0.0009918213888890175,0.03253936749999955,0.17124176027777777,0.0813293458333333,0.0020217897222222347,0.0012588502777777972,0.0034713747222222167,0.05718231194444447,0.12306213361111108,0.1002883911111111,0.001373291111110891,0.003204345833333113,0.0032806397222222036,0.019836425555555537,0.15350341805555556,0.10688781749999998,0.0038528441666666837,0.0017166138888888602,0.0006484986111110973,0.03433227555555554,0.14633178694444446,0.10391235361111092,0.0008010863888882921,0.006370544444443673,0.005378723055556235,0.0011062622222210747,0.09025573722222176,0.19393920888888883,0.0019454955555555406,0.0036239625000000033,0.0011825561111111031,0.029830932777777805,0.1739120483333333,0.07976531972222269,0.001373291111110891,0.0017166138888897978,0.0005340577777780532,0.019226074444444068,0.14991760250000002,0.11528015138888888,3.814694444444674e-05,0.0006484986111110973,0.004539489722222228,0.028877258333333336,0.1391601563888889,0.08193969722222222,0.030479431111111573,0.00034332277777890694,0.0002670288888898161,0.05210876472222248,0.10795593249999999,0.05588531499999999,0.0666809083333333,0.003128051666666693,0.0022125244444444686,0.030784606944444428,0.14156341555555554,0.1103591919444452,0.0001525877777766027,0.005302429166666244,0.00484466555555528,0.0070953369444441685,0.07843017583333332,0.14492034916666668,0.05390167222222223,0.0003814697222222188,7.629416666664489e-05,0.006904602222222235,0.14240264888888887,0.09372711194444443,0.03749847361111111,0.0025558475,0.00175476083333404,0.0018310550000007067,0.01392364472222222,0.17501831055555556,0.09494781499999999,0.0009536744444444226,0.0004959108333333104,0.0020599366666666816,0.0717163086111111,0.13195037833333334,0.07930755611111098,0.0028610230555554364,0.0038146974999999084,0.004692078055555464,0.0029373172222226995,0.0005340577777780532,7.629416666708898e-05,0.0004196166666664188,0.0008010863888894672,0.0010681152777777042,0.0012207030555562899,0.0025939941666673276,0.0015258788888892192,0.00015258805555460085,0.0012588502777771534
7.291118556459266e-304,1.8649722222222223e-05,0.0,1.9497222222222225e-05,1.9497222222222225e-05,1.8649722222222223e-05,1.8649722222222223e-05,1.9497222222222225e-05,0.0,3.814694444444445e-05,1.8649722222222223e-05,1.8649722222222223e-05,1.8649722222222223e-05,0.0,0.0,1.8649722222222223e-05,1.8649722222222223e-05,0.0,1.8649722222222223e-05,1.8649722222222223e-05,1.8649722222222223e-05,1.8649722222222223e-05,0.0,0.0,1.8649722222222223e-05,3.814694444444445e-05,0.0,1.9497222222222225e-05,1.8649722222222223e-05,3.814694444444445e-05,0.0,1.9497222222222225e-05,0.0,0.0,1.9497222222222225e-05,1.9497222222222225e-05,1.8649722222222223e-05,1.8649722222222223e-05,0.0,1.9497222222222225e-05,1.9497222222222225e-05,1.8649722222222223e-05,1.8649722222222223e-05,0.0,1.9497222222222225e-05,3.814694444444445e-05,3.814694444444445e-05,0.0,1.9497222222222225e-05,0.0,0.0,1.8649722222222223e-05,3.814694444444445e-05,3.814694444444445e-05,1.8649722222222223e-05,0.0,0.0,1.8649722222222223e-05,0.0,1.8649722222222223e-05,0.0,0.0,0.0,1.8649722222222223e-05,1.8649722222222223e-05,0.0,0.0,0.0,0.0,0.0,1.9497222222222225e-05,3.814694444444445e-05,3.814694444444445e-05,1.9497222222222225e-05,0.0,0.0,0.0,1.8649722222222223e-05,1.8649722222222223e-05,0.0,1.8649722222222223e-05,1.949749999931151e-05,1.949749999931151e-05,1.8649722222222223e-05,1.9497222222222225e-05,1.9497222222222225e-05,0.0,3.814722222153373e-05,3.814722222153373e-05,0.0,0.0,0.0,1.8649722222222223e-05,3.814694444444445e-05,1.9497222222222225e-05,1.9497222222222225e-05,0.0028033788888888887,0.025968763333333332,0.1781370372222222,0.07842042722222223,7.629388888889348e-05,0.00014283916666668617,0.0001339383333333425,0.022229936388888878,0.2246954175,0.03827073861111065,6.69691666656844e-05,2.7974444445059515e-05,0.003767225555555464,0.11342069833333333,0.15432357777777775,0.013790130833333346,1.907333333332299e-05,0.00011444083333334021,0.0035764905555555337,0.0463672213888889,0.16789457555555554,0.0675010680555552,3.814694444454542e-05,9.49436111107439e-05,0.003748575833333241,0.08111911361111111,0.1509191725,0.04965760972222223,1.8649722222245185e-05,0.000124189444444441,0.006504058888888892,0.1027391222222222,0.13665220472222223,0.03950119027777732,2.8822222221138974e-05,8.561888888891644e-05,0.002861023055556152,0.03358840916666666,0.18305757305555553,0.06588957055555555,0.0,6.654527777779269e-05,0.0016979641666666644,0.07241227888888889,0.12170791638888886,0.08964496166666698,0.0,4.747166666637289e-05,0.0001051161111118088,0.022048526388888816,0.16932466305555555,0.09401363777777776,3.814694444444674e-05,1.9497222222201554e-05,0.000590854444444449,0.043077680555555574,0.15034696805555553,0.09151458750000013,1.9497500000890493e-05,7.629388888751186e-05,1.864972222323205e-05,0.0004959108333329478,0.11306762666666667,0.17196655277777778,3.814694444444674e-05,0.00011444083333334021,0.00018098638888888432,0.0426580638888889,0.17745971694444446,0.06519317638888902,0.0,8.561888888891644e-05,9.579138888840235e-05,0.027609083333333926,0.15740373388888887,0.1004503038888889,4.7471666666668945e-05,0.00013351444444446395,0.0012491013888888958,0.04099867083333332,0.14032363888888888,0.08167266861111111,0.0211999680555548,2.8822222221138974e-05,0.0002856786111114416,0.06290435777777777,0.09971618638888888,0.06531694194444447,0.0573349,5.679666666669192e-05,0.00033399777777774905,0.04293441777777781,0.14761903555555556,0.09463331444444407,9.324722221827466e-06,2.8822222221138974e-05,6.612138888960494e-05,0.0068952772222218356,0.09501478388888888,0.13878801138888888,0.04473707416666666,0.0,0.000124189444444441,0.011997223055555542,0.15621185305555557,0.0845625136111111,0.03265380861111125,6.696916666726338e-05,0.0,9.49436111107439e-05,0.02117199361111102,0.18687227055555558,0.07740020750000001,2.839833333334596e-05,9.536750000001722e-05,0.002651214444444457,0.08928298972222218,0.1235008238888889,0.07006623999999935,0.0,3.814694444454542e-05,2.8822222221138974e-05,4.747166666637289e-05,1.864972222323205e-05,0.0,0.0,0.0,1.9497222221313375e-05,1.9497222221313375e-05,1.9497222221313375e-05,1.9497222221313375e-05,1.9497222221313375e-05,0.0
0.0,-1.0583333333333335e-07,0.0,-1.0611111111111109e-07,-3.1805555555555557e-07,-2.1194444444444444e-07,-1.0583333333333335e-07,-1.0583333333333335e-07,0.0,0.0,-2.1194444444444444e-07,-2.1194444444444444e-07,0.0,-1.0611111111111109e-07,-2.1194444444444444e-07,0.0,-2.1194444444444436e-07,4.238888888888889e-07,7.416666666666666e-07,-2.1194444444444444e-07,-4.238888888888889e-07,0.0,7.419444444444444e-07,7.416666666666666e-07,-1.0583333333333335e-07,-3.177777777777778e-07,-4.238888888888889e-07,-3.1805555555555557e-07,-2.1194444444444444e-07,0.0,-1.0583333333333335e-07,8.477777777777778e-07,7.416666666666666e-07,-1.0611111111111109e-07,0.0,-1.0583333333333335e-07,-1.0583333333333335e-07,6.358333333333333e-07,-2.1194444444444444e-07,5.3e-07,-3.1777777777777775e-07,-2.1194444444444444e-07,-2.1194444444444444e-07,0.0,-3.1777777777777775e-07,-3.1777777777777775e-07,-1.0583333333333335e-07,-2.1194444444444444e-07,0.0,0.0,-3.1805555555555557e-07,-2.1194444444444444e-07,0.0,0.0,-2.1194444444444444e-07,-2.1194444444444444e-07,8.477777777777778e-07,6.358333333333333e-07,-4.238888888888889e-07,-3.177777777777778e-07,0.0,-3.180555555555555e-07,-2.1194444444444444e-07,-2.1194444444444444e-07,7.416666666666666e-07,7.416666666666666e-07,0.0,-3.1777777777777775e-07,-3.1777777777777775e-07,0.0,-1.0583333333333335e-07,-1.0583333333333335e-07,-1.0583333333333335e-07,-1.0611111111111108e-07,-1.0583333333333331e-07,-1.0583333333333331e-07,-2.1194444444444444e-07,-3.1777777777777775e-07,-1.0583333333333331e-07,-1.0611111111111108e-07,-1.0583333333333335e-07,-3.1777777777777775e-07,5.3e-07,8.477777777777778e-07,6.355555555555559e-07,1.2713888888888888e-06,0.0,-8.477777776584444e-07,-8.477777776584439e-07,4.238888888888889e-07,5.3e-07,-1.0583333333333352e-07,-1.0611111111111113e-07,-4.2361111111111084e-07,7.41388888888889e-07,6.361111111111107e-07,-0.0001110502777777779,-0.0010355844444444456,-0.0031470188888889084,0.004526614999999998,1.4305277777755997e-05,-1.7748888888884882e-05,2.6649999999979912e-05,-0.0012985866666666498,-0.0022871758333333214,0.003804206666666844,6.781666666850266e-06,0.0,-0.0003028447222222224,-0.003714826111111097,0.0021858213888888978,0.002051088611111092,4.7666666668098995e-07,3.178611111111072e-06,-0.00022114638888891388,-0.0017851194444444343,-0.00027698944444443097,0.0025218327777778715,1.864972222323205e-05,-2.543055556556174e-06,-0.000251876111109872,-0.003015624166666675,0.001323646944444451,0.0021581649999999827,-7.417222222243997e-06,1.1652777777766037e-06,-0.0003926488888888655,-0.00317377499999999,0.001737011666666649,0.0020406511111111594,-5.9341666671899575e-06,-3.3908333326356372e-06,-0.00017907888888900802,-0.0012048086111111148,-0.0018108155555555394,0.003426975833333318,1.2079722222206137e-05,6.888888888963648e-07,-0.00011279833333333045,-0.002671294722222245,0.0016839236111111378,-0.001056034999999983,0.002374860833333332,2.543055556556174e-06,-1.5789778338992644e-15,-0.0009961658333327555,-0.0031318133333333165,0.004358768333333332,1.1867777777742185e-05,2.278055555600858e-06,-2.0715555555532005e-05,-0.001756827222222243,-0.00011078500000002989,0.0021007324999998134,-1.695555555316887e-06,-3.390833334214615e-06,1.6955555568958733e-06,-1.9709444445334943e-05,-0.004713005555555552,0.004631784444444398,0.00031725555555558093,2.1722222221952543e-06,-6.198888888913549e-06,-0.0020747186111110677,0.00015343555555555333,0.0021187463888878155,2.1193055557786363e-05,-2.5430555549771963e-06,-2.5430555549771963e-06,-0.0014917586111111124,-0.0014617705555555749,0.0026444855555555757,0.0005313027777777237,1.536666666653502e-06,-7.544638888893707e-05,-0.001411544166666643,-0.00048796305555556807,0.0007336933333333406,0.0014560488888885892,-5.933888889191825e-06,-2.54333333297535e-06,-0.002510282500000356,0.001997046944444414,-0.0016883744444444251,0.002420266388888856,-3.973888888915887e-06,-6.675555555594515e-06,-0.0018424458333333102,2.3788888888931492e-05,0.0014216102777778045,0.0006263525000012214,3.3908333342146286e-06,2.7777799812666714e-10,-0.00047355194444432484,-0.0028116441666666547,0.0014309883333333273,0.0020648638888888585,-8.000000000032666e-06,2.06611111113691e-06,-0.0007940927777778167,-0.0027739738888888643,0.0019710861111111033,0.0018178094444439713,4.2388888882922184e-06,1.6955555553168887e-06,-8.477222222167161e-06,-0.0010648305555552504,-0.0031895636111110848,0.004476229444444396,-2.595833333371741e-06,4.236111111271488e-07,-0.00019343694444446465,-0.0030354394444444127,0.001504209444444432,0.0019478269444450913,8.47722222374614e-06,-2.543055556556181e-06,-1.695555555316882e-06,-1.6955555553168887e-06,2.543333332975333e-06,0.0,0.0,0.0,0.0,0.0,0.0,-8.477777776584439e-07,-8.477777776584439e-07,0.0
0.0,7.419444443251106e-07,8.477777776584439e-07,-1.0611111111111109e-07,-3.1805555555555557e-07,-2.1194444444444444e-07,1.0611111111111109e-07,9.53888888769555e-07,8.477777776584439e-07,8.477777776584439e-07,8.477777776584439e-07,0.0,8.477777776584439e-07,-1.0611111111111109e-07,6.358333332139995e-07,2.1194444444444444e-07,-2.1194444444444436e-07,-2.1194444444444444e-07,-1.0611111111111109e-07,-2.1194444444444444e-07,4.2388888876955506e-07,0.0,7.419444443251106e-07,7.416666665473328e-07,7.419444443251106e-07,1.3777777775391101e-06,1.4836111108724439e-06,7.416666665473328e-07,6.358333332139995e-07,0.0,-1.0583333333333335e-07,0.0,7.416666665473328e-07,-1.0611111111111109e-07,8.477777776584439e-07,-1.0583333333333335e-07,7.419444443251106e-07,-2.1194444444444444e-07,6.358333332139995e-07,-1.0583333333333331e-07,-1.0583333333333331e-07,0.0,0.0,0.0,-1.0583333333333331e-07,-1.0583333333333331e-07,-1.0583333333333335e-07,-2.1194444444444444e-07,0.0,0.0,-1.0611111111111113e-07,8.477777776584439e-07,0.0,8.477777776584439e-07,0.0,8.477777776584439e-07,8.477777776584439e-07,0.0,6.358333332139995e-07,7.419444443251106e-07,2.1194444444444444e-07,1.0583333333333336e-07,0.0,0.0,-1.0611111111111109e-07,1.0583333333333335e-07,2.1194444444444444e-07,-1.0583333333333331e-07,7.419444443251106e-07,0.0,9.53888888769555e-07,1.0611111111111109e-07,-1.0583333333333335e-07,-1.0611111111111108e-07,-1.0583333333333331e-07,-1.0583333333333331e-07,-2.1194444444444444e-07,-1.0583333333333331e-07,-1.0583333333333331e-07,1.0583333333333336e-07,7.419444443251106e-07,7.419444443251106e-07,-3.1777777777777775e-07,2.1194444444444444e-07,-6.358333333333331e-07,-8.477777777777778e-07,1.6955555568958716e-06,-8.477777792374273e-07,-1.5789837631298952e-15,2.122222236818701e-07,-3.180555555555558e-07,-3.1777777777777817e-07,1.058333333333335e-07,4.241666666666669e-07,-9.538888888888889e-07,-6.355555555555555e-07,0.00011189777777777807,0.0010355841666666657,0.003146383611111081,-0.004526085277777786,-1.4305000000004577e-05,1.7643055555528595e-05,-2.654388888887225e-05,0.0012987983333333144,0.0022868580555555906,-0.0038027233333320642,-7.62916666651058e-06,8.475000012392921e-07,0.00030369222222210285,0.0037147205555555507,-0.002185821666666643,-0.00205098222222223,2.644444444656185e-07,-2.5433333332713914e-06,0.00022093444444440087,0.001785013611111129,0.0002767772222222187,-0.002520349166667102,2.4583611112423874e-05,4.23861111187307e-06,0.00025272388888900824,0.003015411944444435,-0.0013241766666666488,-0.002157741111111111,7.417777777796175e-06,-3.183333333230538e-07,0.0003923311111110944,0.003173245555555565,-0.001736270277777785,-0.0020391675000005216,6.781666665271284e-06,2.5430555565561876e-06,0.00018162194444432535,0.0012048086111111113,0.0018106036111111001,-0.003426975555555545,-1.186805555559229e-05,-7.947222222032859e-07,0.00011290472222223898,0.0026709766666666787,-0.0016838180555555637,0.0010573072222222202,-0.0023746491666667867,-3.390833332635651e-06,8.477777760794631e-07,0.0009976491666675476,0.0031312836111111186,-0.004358662222222198,-1.1444166666664381e-05,-2.8080555555377745e-06,2.1034166666705138e-05,0.0017567208333332876,0.00011046749999998884,-0.002099461111111048,1.6955555553168887e-06,4.238333333874943e-06,-2.5430555549771963e-06,2.0344999999182955e-05,0.004713747222222203,-0.004632207777777814,-0.00031725583333333215,-2.06611111113691e-06,6.304722222220477e-06,0.002074824444444477,-0.00015364750000002037,-0.0021187466666673926,-2.0344722220973683e-05,2.5433333345543143e-06,2.5430555549771963e-06,0.0014926061111109924,0.0014619830555555324,-0.0026448038888888664,-0.0005308786111111433,-2.06611111113691e-06,7.629388888889344e-05,0.0014113319444444758,0.00048775166666664704,-0.0007334816666666605,-0.0014549891666664726,5.086111111533377e-06,3.3908333342146286e-06,0.002511978333332214,-0.001997576944444468,0.0016882683333333467,-0.0024210080555555763,3.0197222222503063e-06,7.099722222175234e-06,0.0018423400000000048,-2.4318611111073807e-05,-0.0014213988888888557,-0.0006259280555549771,-4.238611110294085e-06,8.480555556565676e-07,0.00047439972222188334,0.0028107961111111246,-0.001430882222222235,-0.002064757777777801,7.470833333300675e-06,-1.1127777777749368e-06,0.0007932452777777614,0.002774714999999983,-0.0019714033333333436,-0.0018167497222232251,-4.23861111187307e-06,-1.6952777773187553e-06,7.629444442929729e-06,0.001067161388889704,0.0031894580555555663,-0.004476441388888905,2.9141666666454603e-06,-8.480555555085537e-07,0.00019354305555552287,0.003036075277777772,-0.0015049511111111247,-0.0019465552777769568,5.086388889531514e-06,2.543055556556181e-06,2.543055554977203e-06,0.0,-1.6955555553168887e-06,2.777779981340787e-10,0.0,0.0,8.474999996603098e-07,8.474999996603098e-07,0.0,-2.7777799813418456e-10,-2.7777799813418456e-10,8.474999996603098e-07
0.0,0.0,0.0,0.0,0.0,0.0,0.0,0.0,0.0,0.0,0.0,0.0,0.0,0.0,0.0,0.0,0.0,0.0,0.0,0.0,0.0,0.0,0.0,0.0,0.0,0.0,0.0,0.0,0.0,0.0,0.0,0.0,0.0,0.0,0.0,0.0,0.0,0.0,0.0,0.0,0.0,0.0,0.0,0.0,0.0,0.0,0.0,0.0,0.0,0.0,0.0,0.0,0.0,0.0,0.0,0.0,0.0,0.0,0.0,0.0,0.0,0.0,0.0,0.0,0.0,0.0,0.0,0.0,0.0,0.0,0.0,0.0,0.0,0.0,0.0,0.0,0.0,0.0,0.0,0.0,0.0,0.0,0.0,0.0,0.0,0.0,0.0,0.0,0.0,0.0,0.0,0.0,0.0,0.0,0.0,0.0,0.0,0.0,0.0,0.0,0.0,0.0,0.0,0.0,0.0,0.0,0.0,0.0,0.0,0.0,0.0,0.0,0.0,0.0,0.0,0.0,0.0,0.0,0.0,0.0,0.0,0.0,0.0,0.0,0.0,0.0,0.0,0.0,0.0,0.0,0.0,0.0,0.0,0.0,0.0,0.0,0.0,0.0,0.0,0.0,0.0,0.0,0.0,0.0,0.0,0.0,0.0,0.0,0.0,0.0,0.0,0.0,0.0,0.0,0.0,0.0,0.0,0.0,0.0,0.0,0.0,0.0,0.0,0.0,0.0,0.0,0.0,0.0,0.0,0.0,0.0,0.0,0.0,0.0,0.0,0.0,0.0,0.0,0.0,0.0,0.0,0.0,0.0,0.0,0.0,0.0,0.0,0.0,0.0,0.0,0.0,0.0,0.0,0.0,0.0,0.0,0.0,0.0,0.0,0.0,0.0,0.0,0.0,0.0,0.0,0.0,0.0,0.0,0.0,0.0,0.0,0.0,0.0,0.0,0.0,0.0,0.0,0.0,0.0,0.0,0.0,0.0,0.0,0.0,0.0,0.0,0.0,0.0,0.0
0.0,3.8041111111111086e-05,0.0024032594444444444,0.003547562777777952,0.0020214716666668415,0.0035474566666670246,0.002555741388889247,0.0008772744444439945,0.004882812499999551,0.004615783888889311,0.0062177447222226435,0.00797250527777741,0.005645751944444078,0.004157913888888439,0.00026681694444537164,0.0002670288888882371,0.0001905227777782827,0.0006862216666657671,0.0015639197222209278,0.00026681694444379266,0.0017161900000000733,0.001945495555556235,0.001182450277778457,0.0028609169444443524,0.005340470833333242,0.003738086111110634,0.0008769563888900732,0.001182238055556189,0.0007627274999993023,0.0005722047222210196,0.0006102455555558125,0.002746582500000321,0.0028609172222228466,0.004615677500000624,0.00644683833333359,0.00038136388888854005,0.0011443033333338657,0.0012967852777778512,0.002097871666666143,0.0005337399999986965,0.0011822386111103858,0.0012967852777773555,7.60819444446464e-05,0.0028610233333336084,0.002936999444444922,0.0014492672222226994,0.0028227702777780346,0.002898958055555812,0.0012588499999995502,0.001792907777777328,0.0019451777777779523,0.0014875200000001741,0.003128051666667327,0.004959106666667328,0.0037000447222220478,0.003013399166666492,0.0023269655555562805,0.0021741655555547385,0.001563601944444729,0.0004955927777777319,0.001411438055555133,0.0003811516666660149,3.7935000000100975e-05,0.0017164019444453533,0.0019072424999998347,0.0009154211111108173,0.0029754638888891184,0.002059618888889412,0.003394763055556079,0.00442504916666742,0.000648392499998779,0.0009535683333331405,0.00011433527777672208,0.00011433472222252516,0.0004958047222221762,0.0011443033333322868,0.001868989444443958,0.0009915033333332414,0.002555741388888669,0.001792801666667144,0.0003432169444455736,0.0016018550000003854,0.00484434805555529,0.004310608333333012,0.004195107499999678,0.002934350000000661,0.0019353230555560054,0.0007137722222220569,0.0006451077777758959,0.0016568502777776952,0.0016383066666657946,0.0008382799999997247,0.0037764444444448484,0.0014873083333333333,0.002554893333333333,0.00488090555555606,0.005453321666667171,-0.004180590277777778,-0.003916740000000002,0.002407338611111129,0.0016987058333333138,0.0026203261111110957,0.0008150205555555643,0.0033960341666666866,-0.000755362777777796,-0.0066972313888882876,0.0033713450000002754,0.0019802513888894945,-0.0003214938888887052,0.0016401608333333484,-0.0034497580555555574,-0.0006132652777777921,0.0005930263888888928,1.843750000002981e-05,0.004293759444444422,-0.003687381666666635,6.548555555557778e-05,-0.0038198894444444187,0.0033925375000008907,0.002410041111111304,-9.928833333260794e-05,0.002386834999999976,-0.0029233827777777888,-0.0005494224999999867,0.0017515816666666436,0.00027582361111111453,0.001185788055555568,5.305555556001096e-08,-0.005406644444444442,0.002962959999999605,0.0008332991666656476,0.0008002386111106337,-0.0008301205555547933,0.006366941666666213,-0.003693580555555548,-0.0011938941666666952,0.00200674277777778,0.0012163058333333567,0.0027346613888888805,0.0001863372222222423,-0.007622242222222228,0.006738663055555552,-0.0021620858333333795,0.0031390719444447475,0.003191630277777071,0.003911230000000321,-0.0011583433333333115,-0.007950835555555535,0.0038384330555555715,0.001678201944444445,0.0003243025000000029,0.0018561152777777298,-0.004356119444444417,0.001826074444444728,0.000784132222221956,0.006300184444443775,0.005361768888889899,0.0009365080555541142,0.00459061722222176,-0.004810015277777857,0.0010123780555555406,0.0035735766666666396,0.001019530833333319,2.50605555556227e-05,-0.006000942777777851,0.004134601944444455,0.0013292102777787327,0.0016521880555570886,0.0004357233333330947,0.00045967111111134065,-0.0010328291666666378,0.00045569722222221776,-0.0008953941666666804,0.0005279647222221998,0.003909640833333327,-0.003734270833333317,0.00013934277777777337,-0.002242618333333321,0.0014238358333341881,0.0003195869444457205,8.392333333517851e-05,0.003137164722221808,-0.0029662980555555662,0.001699924444444445,-0.004639466388888944,0.0030901694444444633,0.001942210833333322,-0.001217683055555547,-0.007209724722222227,0.007297091944445222,-0.0013250775000004588,0.005260043611111404,0.004781087500000229,0.0030435986111103305,-0.0003007252777777747,-0.0012070866666666347,-0.0027009647222222335,0.00034125666666663516,-1.403999999998678e-05,3.0729722222202355e-05,-0.001836406111111133,0.0018922491666666513,-0.005052037222222569,0.002508375833333627,0.001717461666667153,0.0017734105555552708,-0.00047906277777720954,0.0025418072222222476,-0.0036668777777777994,0.0009239516666666386,0.0004344516666666563,0.0008873941666666476,-0.0001506805555555324,0.0002173847222222136,-0.0014837052777776777,0.0028593277777781176,0.0037926569444440405,0.004647149444444068,0.0028796727777788424,0.0005204944444443527,7.459888888977023e-05,0.0004196166666664188,0.0008010863888894672,0.0010681152777777042,0.0012207030555562899,0.0025939941666673276,0.0015250311111115608,0.0001517402777769424,0.0012588502777771534
0.0,1.8543888888888888e-05,0.0,1.9391111111111114e-05,1.9179166666666668e-05,1.8437777777777777e-05,1.8543888888888888e-05,1.939138888888889e-05,0.0,3.814694444444445e-05,1.8437777777777777e-05,1.8437777777777777e-05,1.8649722222222223e-05,-1.0611111111111109e-07,-2.1194444444444444e-07,1.8649722222222223e-05,1.843777777777778e-05,-4.238888888888889e-07,1.8543611111111112e-05,1.8437777777777777e-05,1.8225833333333334e-05,1.8649722222222223e-05,-1.0583333333333332e-07,-1.0611111111111109e-07,1.8543888888888888e-05,3.782916666666667e-05,-4.238888888888889e-07,1.9179166666666668e-05,1.8437777777777777e-05,3.814694444444445e-05,-1.0583333333333335e-07,1.9497222222222225e-05,-1.0611111111111109e-07,-1.0611111111111109e-07,1.9497222222222225e-05,1.939138888888889e-05,1.8543888888888888e-05,1.8437777777777777e-05,-2.1194444444444444e-07,1.9179444444444447e-05,1.9179444444444447e-05,1.8437777777777777e-05,1.8437777777777777e-05,0.0,1.9179444444444447e-05,3.782916666666667e-05,3.804111111111111e-05,-2.1194444444444444e-07,1.9497222222222225e-05,0.0,-3.1805555555555557e-07,1.8437777777777777e-05,3.814694444444445e-05,3.814694444444445e-05,1.8437777777777777e-05,-2.1194444444444444e-07,0.0,1.8437777777777777e-05,-4.238888888888889e-07,1.8331944444444445e-05,0.0,-3.180555555555555e-07,-2.1194444444444444e-07,1.8437777777777777e-05,1.8543611111111112e-05,-1.0611111111111109e-07,0.0,-3.1777777777777775e-07,-3.1777777777777775e-07,0.0,1.939138888888889e-05,3.804111111111111e-05,3.804111111111111e-05,1.9391111111111114e-05,-1.0583333333333331e-07,-1.0583333333333331e-07,-2.1194444444444444e-07,1.8331944444444445e-05,1.8543888888888888e-05,-1.0611111111111108e-07,1.8543888888888888e-05,1.917972222153373e-05,1.917972222153373e-05,1.8649722222222223e-05,1.8437500000000004e-05,1.653000000023867e-05,-1.017249999948591e-05,2.7126944442810393e-05,3.47563888873191e-05,-2.1616666665978174e-05,-2.0133333333333333e-06,-9.536111111111113e-07,1.8543611111111112e-05,3.772333333333334e-05,1.8543333333333336e-05,1.7590000000000003e-05,0.0007036,0.006491236944444444,0.015185568055555543,-0.02239794194444443,5.83861111110985e-05,1.6583333333356848e-05,-4.286222222221132e-05,0.008841302499999988,0.009668509166666672,-0.018551614444444302,5.086388887952533e-06,-1.3563611110119684e-05,0.0021487341666667588,0.02079969000000001,-0.012585958055555568,-0.010397963611111114,1.7480555555652692e-06,1.843750000002981e-05,0.0012708238888888466,0.011132293333333348,0.0004185572222222267,-0.012841648611111436,3.5603888889568225e-05,-1.271555555604209e-05,0.001589351111111744,0.017206509999999994,-0.0062705674999999905,-0.0125754675,-2.2676111111113387e-05,1.854333333333675e-05,0.002425564722222242,0.01820548388888886,-0.010432296388888873,-0.010254965833333761,2.2888055553949016e-05,8.477222222167161e-06,0.0010390811111123412,0.007415983333333324,0.00812223222222222,-0.016633669444444443,-1.5046944444454783e-05,2.400083333335227e-05,0.0009612508333333282,0.015416304166666665,-0.008976459444444446,-0.003904766388888564,-0.0035353769444442704,-1.7802222221992757e-05,1.6106666666675868e-05,0.0061233308333336,0.014662901666666672,-0.02082501527777776,2.3735833333334476e-05,-1.891472222221364e-05,0.0002666583333333546,0.010601520277777762,-0.000340938333333346,-0.010571691666666064,2.5433333345543177e-06,5.933888887612847e-06,1.6955555568958733e-06,0.00032615666666598736,0.027402506666666673,-0.0267826713888889,-0.0008949705555555532,6.405499999997645e-05,1.7961111111100233e-05,0.01285219166666672,-0.0024532741666666857,-0.010437541388889207,-4.408083333215826e-05,2.119305555620738e-05,-2.5430555565561876e-06,0.008842680000001199,0.006453302222222207,-0.014374150277777761,-0.0008860694444444583,1.298055555556645e-05,0.0006192524999999942,0.008387141666666667,0.0013028252777777527,-0.0025096469444444297,-0.007855627222222585,5.086388887952529e-06,0.00010257305555680404,0.013932757777777097,-0.011206044166666679,0.011131551388888924,-0.013985474722222245,1.891444444446222e-05,6.368416666660239e-05,0.010932127777777835,-0.0011541047222222156,-0.008428785555555901,-0.001468340555555234,-1.3563333333700532e-05,2.5433333345543143e-06,0.0028435388888879976,0.016283882777777786,-0.007339424444444437,-0.011865562777777804,-4.021305555558364e-05,3.385527777780932e-05,0.00512335055555551,0.011972798055555567,-0.007272349166666678,-0.009896702222222428,1.949750000089049e-05,-3.729916666688698e-05,3.729916666530799e-05,0.00676928611111159,0.014395767222222272,-0.021214485277777778,-1.3244444444381204e-06,3.390833333336315e-05,0.0014786719444444233,0.017416000555555547,-0.008232169722222224,-0.010725021388889311,-1.6952777773187538e-06,1.610638888867773e-05,-1.6106388890256713e-05,-1.0172777777484043e-05,5.086388889531514e-06,-1.6952777773187538e-06,0.0,0.0,1.9497222221313375e-05,1.9497222221313375e-05,1.9497222221313375e-05,1.864944444365493e-05,1.864944444365493e-05,0.0
